ID,Fruit,Hindi_Name,Category,Serving_Description,Serving_Weight_g,Calories_kcal,Protein_g,Carbs_g,Sugar_g,Fiber_g,Fat_g,Calories_per_100g,Protein_per_100g,Carbs_per_100g,Sugar_per_100g,Fiber_per_100g,Fat_per_100g,Notes,Data_Basis
1,Apple (with skin),Seb,Everyday,1 medium,180,94,0.5,24.8,18.7,4.3,0.4,52,0.3,13.8,10.4,2.4,0.2,"Edible portion, skin on","Per-100g values from USDA FoodData Central / IFCT 2017 style reference values (from memory, not live-fetched); serving values scaled from per-100g"
2,Banana,Kela,Everyday,1 medium (peeled),118,105,1.3,26.9,14.4,3.1,0.4,89,1.1,22.8,12.2,2.6,0.3,Ripe banana; sugar rises as it ripens,"Per-100g values from USDA FoodData Central / IFCT 2017 style reference values (from memory, not live-fetched); serving values scaled from per-100g"
3,Orange,Santara,Citrus,1 medium (peeled),130,61,1.2,15.3,12.2,3.1,0.1,47,0.9,11.8,9.4,2.4,0.1,"Whole fruit, not juice","Per-100g values from USDA FoodData Central / IFCT 2017 style reference values (from memory, not live-fetched); serving values scaled from per-100g"
4,Mosambi (sweet lime),Mosambi,Citrus,1 medium (peeled),120,52,1.0,11.4,,0.6,0.4,43,0.8,9.5,,0.5,0.3,Approximate; IFCT-style value,"Per-100g values from USDA FoodData Central / IFCT 2017 style reference values (from memory, not live-fetched); serving values scaled from per-100g"
5,Grapefruit,Chakotra,Citrus,1/2 medium,123,52,1.0,13.2,8.5,2.0,0.1,42,0.8,10.7,6.9,1.6,0.1,Pink/red varieties,"Per-100g values from USDA FoodData Central / IFCT 2017 style reference values (from memory, not live-fetched); serving values scaled from per-100g"
6,Mango,Aam,Tropical,1 cup sliced,165,99,1.3,24.8,22.6,2.6,0.7,60,0.8,15.0,13.7,1.6,0.4,Varies by variety (Alphonso is sweeter),"Per-100g values from USDA FoodData Central / IFCT 2017 style reference values (from memory, not live-fetched); serving values scaled from per-100g"
7,Papaya,Papita,Tropical,1 cup cubed,145,62,0.7,15.7,11.3,2.5,0.4,43,0.5,10.8,7.8,1.7,0.3,Ripe papaya,"Per-100g values from USDA FoodData Central / IFCT 2017 style reference values (from memory, not live-fetched); serving values scaled from per-100g"
8,Pineapple,Ananas,Tropical,1 cup chunks,165,82,0.8,21.6,16.3,2.3,0.2,50,0.5,13.1,9.9,1.4,0.1,Fresh,"Per-100g values from USDA FoodData Central / IFCT 2017 style reference values (from memory, not live-fetched); serving values scaled from per-100g"
9,Guava,Amrud,Tropical,1 medium,100,68,2.6,14.3,8.9,5.4,1.0,68,2.6,14.3,8.9,5.4,1.0,Common guava; high fiber and vitamin C,"Per-100g values from USDA FoodData Central / IFCT 2017 style reference values (from memory, not live-fetched); serving values scaled from per-100g"
10,Jackfruit (ripe),Kathal,Tropical,1 cup,165,157,2.8,38.3,31.5,2.5,1.0,95,1.7,23.2,19.1,1.5,0.6,Ripe pulp,"Per-100g values from USDA FoodData Central / IFCT 2017 style reference values (from memory, not live-fetched); serving values scaled from per-100g"
11,Custard apple,Sitaphal,Tropical,1 medium (pulp),100,94,2.1,23.6,,4.4,0.3,94,2.1,23.6,,4.4,0.3,"Edible pulp, seeds removed","Per-100g values from USDA FoodData Central / IFCT 2017 style reference values (from memory, not live-fetched); serving values scaled from per-100g"
12,Chikoo (sapota),Chikoo,Tropical,1 medium,100,83,0.4,20.0,,5.3,1.1,83,0.4,20.0,,5.3,1.1,"Sapodilla, edible portion","Per-100g values from USDA FoodData Central / IFCT 2017 style reference values (from memory, not live-fetched); serving values scaled from per-100g"
13,Dragon fruit,Dragon fruit,Tropical,1/2 fruit,100,60,1.2,13.0,,2.9,0.4,60,1.2,13.0,,2.9,0.4,Approximate,"Per-100g values from USDA FoodData Central / IFCT 2017 style reference values (from memory, not live-fetched); serving values scaled from per-100g"
14,Lychee,Litchi,Tropical,10 pieces,100,66,0.8,16.5,15.2,1.3,0.4,66,0.8,16.5,15.2,1.3,0.4,"Peeled, seeds removed","Per-100g values from USDA FoodData Central / IFCT 2017 style reference values (from memory, not live-fetched); serving values scaled from per-100g"
15,Avocado,Makhanphal,Tropical,1/2 medium,100,160,2.0,8.5,0.7,6.7,14.7,160,2.0,8.5,0.7,6.7,14.7,High in healthy fats,"Per-100g values from USDA FoodData Central / IFCT 2017 style reference values (from memory, not live-fetched); serving values scaled from per-100g"
16,Coconut (fresh meat),Nariyal,Tropical,1 small piece,30,106,1.0,4.6,1.9,2.7,10.1,354,3.3,15.2,6.2,9.0,33.5,High in saturated fat,"Per-100g values from USDA FoodData Central / IFCT 2017 style reference values (from memory, not live-fetched); serving values scaled from per-100g"
17,Watermelon,Tarbooz,Melons,1 cup diced,150,45,0.9,11.4,9.3,0.6,0.3,30,0.6,7.6,6.2,0.4,0.2,Mostly water,"Per-100g values from USDA FoodData Central / IFCT 2017 style reference values (from memory, not live-fetched); serving values scaled from per-100g"
18,Muskmelon (cantaloupe),Kharbooja,Melons,1 cup cubed,160,54,1.3,13.1,12.6,1.4,0.3,34,0.8,8.2,7.9,0.9,0.2,Fresh,"Per-100g values from USDA FoodData Central / IFCT 2017 style reference values (from memory, not live-fetched); serving values scaled from per-100g"
19,Grapes (green/red),Angoor,Berries & Small,1 cup,150,104,1.1,27.1,23.2,1.4,0.3,69,0.7,18.1,15.5,0.9,0.2,Seedless table grapes,"Per-100g values from USDA FoodData Central / IFCT 2017 style reference values (from memory, not live-fetched); serving values scaled from per-100g"
20,Strawberries,Strawberry,Berries & Small,1 cup whole,150,48,1.1,11.6,7.3,3.0,0.5,32,0.7,7.7,4.9,2.0,0.3,Fresh,"Per-100g values from USDA FoodData Central / IFCT 2017 style reference values (from memory, not live-fetched); serving values scaled from per-100g"
21,Blueberries,Blueberry,Berries & Small,1 cup,150,86,1.1,21.8,15.0,3.6,0.5,57,0.7,14.5,10.0,2.4,0.3,Fresh,"Per-100g values from USDA FoodData Central / IFCT 2017 style reference values (from memory, not live-fetched); serving values scaled from per-100g"
22,Blackberries,Blackberry,Berries & Small,1 cup,144,62,2.0,13.8,7.1,7.6,0.7,43,1.4,9.6,4.9,5.3,0.5,Fresh,"Per-100g values from USDA FoodData Central / IFCT 2017 style reference values (from memory, not live-fetched); serving values scaled from per-100g"
23,Raspberries,Raspberry,Berries & Small,1 cup,123,64,1.5,14.6,5.4,8.0,0.9,52,1.2,11.9,4.4,6.5,0.7,Fresh,"Per-100g values from USDA FoodData Central / IFCT 2017 style reference values (from memory, not live-fetched); serving values scaled from per-100g"
24,Mulberries,Shahtoot,Berries & Small,1 cup,140,60,2.0,13.7,11.3,2.4,0.6,43,1.4,9.8,8.1,1.7,0.4,Fresh,"Per-100g values from USDA FoodData Central / IFCT 2017 style reference values (from memory, not live-fetched); serving values scaled from per-100g"
25,Jamun (Indian blackberry),Jamun,Berries & Small,1 cup (~15 pcs),100,62,0.7,14.0,,0.6,0.2,62,0.7,14.0,,0.6,0.2,IFCT-style approximate value,"Per-100g values from USDA FoodData Central / IFCT 2017 style reference values (from memory, not live-fetched); serving values scaled from per-100g"
26,Amla (Indian gooseberry),Amla,Berries & Small,2 medium,60,26,0.5,6.1,,2.6,0.4,44,0.9,10.2,,4.3,0.6,Very high in vitamin C,"Per-100g values from USDA FoodData Central / IFCT 2017 style reference values (from memory, not live-fetched); serving values scaled from per-100g"
27,Kiwi,Kiwi,Temperate,1 medium,75,46,0.8,11.0,6.8,2.2,0.4,61,1.1,14.7,9.0,3.0,0.5,"Green kiwi, peeled","Per-100g values from USDA FoodData Central / IFCT 2017 style reference values (from memory, not live-fetched); serving values scaled from per-100g"
28,Pear,Nashpati,Temperate,1 medium,180,103,0.7,27.4,17.6,5.6,0.2,57,0.4,15.2,9.8,3.1,0.1,With skin,"Per-100g values from USDA FoodData Central / IFCT 2017 style reference values (from memory, not live-fetched); serving values scaled from per-100g"
29,Peach,Aadu,Stone Fruit,1 medium,150,58,1.4,14.2,12.6,2.2,0.5,39,0.9,9.5,8.4,1.5,0.3,Fresh,"Per-100g values from USDA FoodData Central / IFCT 2017 style reference values (from memory, not live-fetched); serving values scaled from per-100g"
30,Plum,Aaloo bukhara,Stone Fruit,1 medium,66,30,0.5,7.5,6.5,0.9,0.2,46,0.7,11.4,9.9,1.4,0.3,Fresh,"Per-100g values from USDA FoodData Central / IFCT 2017 style reference values (from memory, not live-fetched); serving values scaled from per-100g"
31,Cherries (sweet),Cherry,Stone Fruit,1 cup (pitted),138,87,1.5,22.1,17.7,2.9,0.3,63,1.1,16.0,12.8,2.1,0.2,Fresh,"Per-100g values from USDA FoodData Central / IFCT 2017 style reference values (from memory, not live-fetched); serving values scaled from per-100g"
32,Apricot (fresh),Khubani,Stone Fruit,3 medium,105,50,1.5,11.7,9.7,2.1,0.4,48,1.4,11.1,9.2,2.0,0.4,Fresh,"Per-100g values from USDA FoodData Central / IFCT 2017 style reference values (from memory, not live-fetched); serving values scaled from per-100g"
33,Pomegranate (arils),Anar,Temperate,1/2 cup arils,87,72,1.5,16.3,11.9,3.5,1.0,83,1.7,18.7,13.7,4.0,1.2,Arils only,"Per-100g values from USDA FoodData Central / IFCT 2017 style reference values (from memory, not live-fetched); serving values scaled from per-100g"
34,Fig (fresh),Anjeer,Temperate,2 medium,100,74,0.8,19.2,16.3,2.9,0.3,74,0.8,19.2,16.3,2.9,0.3,Fresh,"Per-100g values from USDA FoodData Central / IFCT 2017 style reference values (from memory, not live-fetched); serving values scaled from per-100g"
35,Medjool dates,Khajoor,Dried Fruit,2 dates,48,133,0.9,36.0,31.9,3.2,0.1,277,1.8,75.0,66.5,6.7,0.2,Calorie dense; portion matters,"Per-100g values from USDA FoodData Central / IFCT 2017 style reference values (from memory, not live-fetched); serving values scaled from per-100g"
36,Raisins,Kishmish,Dried Fruit,1 small handful,30,90,0.9,23.8,17.8,1.1,0.1,299,3.1,79.2,59.2,3.7,0.5,Seedless,"Per-100g values from USDA FoodData Central / IFCT 2017 style reference values (from memory, not live-fetched); serving values scaled from per-100g"
37,Dried figs,Anjeer (dry),Dried Fruit,3 pieces,50,124,1.6,31.9,23.9,4.9,0.5,249,3.3,63.9,47.9,9.8,0.9,Dried,"Per-100g values from USDA FoodData Central / IFCT 2017 style reference values (from memory, not live-fetched); serving values scaled from per-100g"
