Fruit Canonical Name,Status,Accuracy Tier,DB Food ID,DB Food Name,Source,DB Calories (100g),Ref Calories (100g),Delta Calories,Rel Var Cal (%),DB Carbs (g),Ref Carbs (g),DB Protein (g),Ref Protein (g),DB Fat (g),Ref Fat (g),DB Fiber (g),Ref Fiber (g),Macro Mass Sum (g),Atwater Pass,Serving Count,Issues
"Apple",FOUND,CRITICAL_ANOMALY,cmudpw2mi00hb82c8w1u6sjl8,"Apple mousse",INDB,106.9,52,54.9,105.6,12.77,13.8,4.21,0.3,4.27,0.2,1.6,2.4,22.85,PASS,1,"Suspicious high calorie scaling (Possible whole-piece base scaling error); Missing practical piece / cup serving sizes"
"Banana",FOUND,CRITICAL_ANOMALY,cmudq211001en82c83mzcar06,"Banana appam",INDB,469.8,89,380.8,427.9,20.06,22.8,1.17,1.1,42.53,0.3,0.67,2.6,64.43,PASS,1,"Suspicious high calorie scaling (Possible whole-piece base scaling error); Excess fat reported: Ref 0.3g vs DB 42.53g; Missing practical piece / cup serving sizes"
"Orange",FOUND,ACCEPTABLE,35ee98e6-a352-423c-9a22-8effc3292267,"Orange",OPEN_FOOD_FACTS,41,47,6,12.8,9.3,11.8,0.8,0.9,0,0.1,0.8,2.4,10.9,PASS,1,""
"Mango",FOUND,ACCEPTABLE,20aab66a-3527-4f7c-bf25-90e8f542a418,"Mango",OPEN_FOOD_FACTS,47,60,13,21.7,11.2,15,0,0.8,0,0.4,10,1.6,21.2,FAIL,1,"Atwater energy mismatch (Reported: 47 kcal, Computed: 64.8 kcal)"
"Watermelon",FOUND,EXACT,d9a907f9-ecac-4f39-8852-33b6f26bd341,"Watermelon",OPEN_FOOD_FACTS,33,30,3,10,6.9,7.6,0.4,0.6,0.3,0.2,0.5,0.4,8.1,PASS,1,"Missing practical piece / cup serving sizes"
"Pineapple",FOUND,HIGH_DIVERGENCE,11170684-f998-425f-86d1-a2d9eb42ee0d,"Pineapple",OPEN_FOOD_FACTS,75,50,25,50,18,13.1,0.2,0.5,0,0.1,18,1.4,36.2,FAIL,1,"Atwater energy mismatch (Reported: 75 kcal, Computed: 108.8 kcal); Missing practical piece / cup serving sizes"
"Papaya",FOUND,CRITICAL_ANOMALY,cmudputvn00ah82c8obzbd2iq,"Raw papaya with coconut (Papaya thoran)",INDB,132.8,43,89.8,208.8,5.58,10.8,1.54,0.5,11.42,0.3,4.31,1.7,22.85,PASS,1,"Suspicious high calorie scaling (Possible whole-piece base scaling error); Excess fat reported: Ref 0.3g vs DB 11.42g; Missing practical piece / cup serving sizes"
"Guava",FOUND,ACCEPTABLE,33a55025-2da0-4202-ad20-a1b70e15712d,"Guava Nectar",OPEN_FOOD_FACTS,52,68,16,23.5,13.2,14.3,0,2.6,0,1,0,5.4,13.2,PASS,1,"Missing dietary fiber (Ref: 5.4g, DB: 0g)"
"Strawberry",FOUND,ACCEPTABLE,abd85e05-2cd9-4edd-b963-c01a5e03f541,"Strawberries",OPEN_FOOD_FACTS,39,32,7,21.9,6.1,7.7,0.6,0.7,0.5,0.3,3.8,2,11,PASS,1,"Missing practical piece / cup serving sizes"
"Blueberry",FOUND,CRITICAL_ANOMALY,93e45646-8dce-4a71-96bf-911519761fd3,"Strawberry & blueberry",OPEN_FOOD_FACTS,435,57,378,663.2,48,14.5,8.7,0.7,19,0.3,21,2.4,96.7,PASS,1,"Suspicious high calorie scaling (Possible whole-piece base scaling error); Carbohydrate divergence: Ref 14.5g vs DB 48g; Excess fat reported: Ref 0.3g vs DB 19g; Missing practical piece / cup serving sizes"
"Blackberry",FOUND,CRITICAL_ANOMALY,f53212bb-e211-4a2b-a99f-feea682e3e67,"Blueberry Blackberry",OPEN_FOOD_FACTS,375,43,332,772.1,72.5,9.6,10,1.4,6.3,0.5,7.5,5.3,96.3,PASS,1,"Suspicious high calorie scaling (Possible whole-piece base scaling error); Carbohydrate divergence: Ref 9.6g vs DB 72.5g; Excess fat reported: Ref 0.5g vs DB 6.3g; Missing practical piece / cup serving sizes"
"Raspberry",FOUND,CRITICAL_ANOMALY,cmudpzj3g010f82c8vdxps4yc,"Raspberry bavarian cream",INDB,150.1,52,98.1,188.7,17.82,11.9,3.34,1.2,7.88,0.7,2.19,6.5,31.23,PASS,1,"Suspicious high calorie scaling (Possible whole-piece base scaling error); Excess fat reported: Ref 0.7g vs DB 7.88g"
"Grapes",FOUND,EXACT,4d9c3e0a-e0e7-404e-b4b3-10536ae51cea,"6 oz. Red Seedless Grapes",OPEN_FOOD_FACTS,70.6,69,1.6,2.3,18.2,18.1,0.6,0.7,0,0.2,1.2,0.9,20,PASS,1,"Missing practical piece / cup serving sizes"
"Kiwi",FOUND,CRITICAL_ANOMALY,cmudq16dt019r82c88a3ios94,"Kiwi granola pudding",INDB,281,61,220,360.7,32.33,14.7,5.6,1.1,15.36,0.5,3.71,3,57,PASS,1,"Suspicious high calorie scaling (Possible whole-piece base scaling error); Carbohydrate divergence: Ref 14.7g vs DB 32.33g; Excess fat reported: Ref 0.5g vs DB 15.36g; Missing practical piece / cup serving sizes"
"Avocado",MISSING,MISSING,,,,,160,,,,8.5,,2,,14.7,,6.7,,,0,"Fruit not found in database"
"Pomegranate",FOUND,HIGH_DIVERGENCE,6e4c97c4-4c24-4232-92e4-e8b8414f0934,"Pomegranate Seeds",OPEN_FOOD_FACTS,55,83,28,33.7,11.8,18.7,1.3,1.7,0.2,1.2,0.6,4,13.9,PASS,1,"Missing practical piece / cup serving sizes"
"Sweet Lime",FOUND,CRITICAL_ANOMALY,9fa9f9d4-9e06-4ea4-a881-7f4084ad936e,"POPPIN' SWEET LIME & SEA SALT",OPEN_FOOD_FACTS,540,43,497,1155.8,56,10.5,6,0.8,34,0.3,4,1.5,100,PASS,1,"Suspicious high calorie scaling (Possible whole-piece base scaling error); Carbohydrate divergence: Ref 10.5g vs DB 56g; Excess fat reported: Ref 0.3g vs DB 34g; Missing practical piece / cup serving sizes"
"Custard Apple",MISSING,MISSING,,,,,94,,,,23.6,,2.1,,0.3,,4.4,,,0,"Fruit not found in database"
"Sapota (Chikoo)",MISSING,MISSING,,,,,83,,,,20,,0.4,,1.1,,5.3,,,0,"Fruit not found in database"
"Indian Gooseberry (Amla)",FOUND,HIGH_DIVERGENCE,58412ee2-0d31-468c-a88a-ee203573505e,"Amla Slices",OPEN_FOOD_FACTS,56.3,44,12.3,28,10,10.1,1.3,0.9,1.3,0.6,3.8,4.3,16.4,PASS,1,"Missing practical piece / cup serving sizes"
"Jamun (Black Plum)",MISSING,MISSING,,,,,60,,,,15.6,,0.7,,0.2,,0.9,,,0,"Fruit not found in database"
"Jackfruit (Ripe)",FOUND,CRITICAL_ANOMALY,cmudpyxvk00x582c8vzinmqw1,"Jackfruit/Kathal (dry)",INDB,489,95,394,414.7,4.56,23.2,0.93,1.7,51.78,0.6,1.33,1.5,58.6,PASS,1,"Suspicious high calorie scaling (Possible whole-piece base scaling error); Carbohydrate divergence: Ref 23.2g vs DB 4.56g; Excess fat reported: Ref 0.6g vs DB 51.78g; Missing practical piece / cup serving sizes"
"Lychee",FOUND,HIGH_DIVERGENCE,6b030882-f9e3-477f-9a60-fb4d6c9f1609,"lychee",OPEN_FOOD_FACTS,46,66,20,30.3,10.9,16.5,0.1,0.8,0,0.4,0.1,1.3,11.1,PASS,1,""
"Peach",FOUND,HIGH_DIVERGENCE,30588c56-b1b4-4732-94f4-2fffede35583,"Rehab Peach",OPEN_FOOD_FACTS,12,39,27,69.2,2.5,9.5,0,0.9,0,0.3,0,1.5,2.5,PASS,1,"Missing dietary fiber (Ref: 1.5g, DB: 0g)"
"Pear",FOUND,CRITICAL_ANOMALY,cmudpzfjk00zx82c8qlxut5ps,"Pear chocholate sunday",INDB,183.5,57,126.5,221.9,15.02,15.2,2.08,0.4,13.11,0.1,0.07,3.1,30.28,PASS,1,"Suspicious high calorie scaling (Possible whole-piece base scaling error); Excess fat reported: Ref 0.1g vs DB 13.11g; Missing practical piece / cup serving sizes"
"Plum",FOUND,CRITICAL_ANOMALY,cmudq34zi01l582c8jiaxnlf9,"Plum squash (Aloo bukhara squash)",INDB,211.2,46,165.2,359.1,55.51,11.4,0.16,0.7,0.1,0.3,0.52,1.4,56.29,PASS,1,"Suspicious high calorie scaling (Possible whole-piece base scaling error); Carbohydrate divergence: Ref 11.4g vs DB 55.51g; Missing practical piece / cup serving sizes"
"Cherry",FOUND,HIGH_DIVERGENCE,78b23713-5d60-4859-9133-1f195bc19427,"Cherry",OPEN_FOOD_FACTS,43,63,20,31.7,10.7,16,0,1.1,0,0.2,0,2.1,10.7,PASS,1,"Missing dietary fiber (Ref: 2.1g, DB: 0g)"
"Apricot",FOUND,CRITICAL_ANOMALY,cmudpzm7i010x82c8mrowldj2,"Apricot fool",INDB,240.8,48,192.8,401.7,33.64,11.1,1.54,1.4,11.35,0.4,1,2,47.53,PASS,1,"Suspicious high calorie scaling (Possible whole-piece base scaling error); Carbohydrate divergence: Ref 11.1g vs DB 33.64g; Excess fat reported: Ref 0.4g vs DB 11.35g; Missing practical piece / cup serving sizes"
"Muskmelon (Cantaloupe)",MISSING,MISSING,,,,,34,,,,8.2,,0.8,,0.2,,0.9,,,0,"Fruit not found in database"
"Honeydew Melon",MISSING,MISSING,,,,,36,,,,9.1,,0.5,,0.1,,0.8,,,0,"Fruit not found in database"
"Grapefruit",FOUND,ACCEPTABLE,2a67d9c5-09c0-49d5-bc7f-c3ee4040cb39,"Pink Grapefruit",OPEN_FOOD_FACTS,37,42,5,11.9,8.1,10.7,0,0.8,0,0.1,0,1.6,8.1,PASS,1,"Missing dietary fiber (Ref: 1.6g, DB: 0g)"
"Lemon",FOUND,CRITICAL_ANOMALY,cmudpw0y700h182c82fc3jk7b,"Lemon souffle",INDB,168.5,29,139.5,481,13.43,9.3,6.95,1.1,10.02,0.3,0,2.8,30.4,PASS,1,"Missing dietary fiber (Ref: 2.8g, DB: 0g); Suspicious high calorie scaling (Possible whole-piece base scaling error); Excess fat reported: Ref 0.3g vs DB 10.02g"
"Lime",FOUND,ACCEPTABLE,12ad3008-cf50-4c5d-a36b-7e0104b51376,"Citrom-Lime",OPEN_FOOD_FACTS,33,30,3,10,7.9,10.5,0,0.7,0,0.2,0,2.8,7.9,PASS,1,"Missing dietary fiber (Ref: 2.8g, DB: 0g)"
"Dragon Fruit (Pitaya)",FOUND,ACCEPTABLE,1e67acf8-2e25-4ee9-874b-b82900ecc89e,"Dragon Fruit Mtn Dew",OPEN_FOOD_FACTS,47.4,60,12.6,21,12.4,13,0,1.2,0,0,0,2.9,12.4,PASS,1,"Missing dietary fiber (Ref: 2.9g, DB: 0g)"
"Passion Fruit",FOUND,CRITICAL_ANOMALY,22d03382-60df-4711-9885-0ca8c9d56082,"Powerade Passionfruit",OPEN_FOOD_FACTS,18,97,79,81.4,4.1,23.4,0,2.2,0,0.7,0,10.4,4.1,PASS,1,"Missing dietary fiber (Ref: 10.4g, DB: 0g); Carbohydrate divergence: Ref 23.4g vs DB 4.1g"
"Starfruit (Carambola)",FOUND,CRITICAL_ANOMALY,cmudq1g2p01bd82c8p3zfalcy,"Starfruit preserves",INDB,128.9,31,97.9,315.8,33.62,6.7,0.24,1,0.12,0.3,0.78,2.8,34.76,PASS,1,"Suspicious high calorie scaling (Possible whole-piece base scaling error); Carbohydrate divergence: Ref 6.7g vs DB 33.62g; Missing practical piece / cup serving sizes"
"Fig (Fresh)",FOUND,CRITICAL_ANOMALY,507a754a-014c-41e9-b557-686d831ded7f,"Figues séchées bio",OPEN_FOOD_FACTS,285,74,211,285.1,59.9,19.2,3.3,0.8,1,0.3,11,2.9,75.2,PASS,1,"Suspicious high calorie scaling (Possible whole-piece base scaling error); Carbohydrate divergence: Ref 19.2g vs DB 59.9g; Missing practical piece / cup serving sizes"
"Coconut Meat (Fresh)",FOUND,CRITICAL_ANOMALY,cmudpwbev00ij82c8myqta43w,"Coconut burfi (Nariyal ki burfi)",INDB,467.6,354,113.6,32.1,32.15,15.2,8.81,3.3,34.63,33.5,3.5,9,79.09,PASS,1,"Carbohydrate divergence: Ref 15.2g vs DB 32.15g; Missing practical piece / cup serving sizes"
"Dates (Deglet Noor / Fresh)",MISSING,MISSING,,,,,282,,,,75,,2.5,,0.4,,8,,,0,"Fruit not found in database"
"Dates (Medjool)",MISSING,MISSING,,,,,277,,,,75,,1.8,,0.2,,6.7,,,0,"Fruit not found in database"
"Wood Apple (Bael)",FOUND,HIGH_DIVERGENCE,08df233d-ea74-4c27-b7e6-7208feeeef89,"Té Negro Yellow Label",OPEN_FOOD_FACTS,107,134,27,20.1,2,31.8,24,1.8,0.2,0.3,0,2.9,26.2,PASS,1,"Missing dietary fiber (Ref: 2.9g, DB: 0g); Carbohydrate divergence: Ref 31.8g vs DB 2g; Missing practical piece / cup serving sizes"
"Jujube (Indian Plum / Ber)",FOUND,HIGH_DIVERGENCE,0d48aa90-0251-42bd-851f-624f3a0f9789,"Borowikowa z grzankami",OPEN_FOOD_FACTS,30,79,49,62,4,20.2,0.5,1.2,1.3,0.2,0.3,1.7,6.1,PASS,1,"Carbohydrate divergence: Ref 20.2g vs DB 4g"
"Mulberry (Shahtoot)",MISSING,MISSING,,,,,43,,,,9.8,,1.4,,0.4,,1.7,,,0,"Fruit not found in database"
"Tamarind (Pulp)",FOUND,HIGH_DIVERGENCE,070990cc-c89f-41fe-8b90-e3dd8113d409,"Tamarind Rice",OPEN_FOOD_FACTS,190.1,239,48.9,20.5,25.4,62.5,4.2,2.8,7.7,0.6,1.4,5.1,38.7,PASS,1,"Carbohydrate divergence: Ref 62.5g vs DB 25.4g; Excess fat reported: Ref 0.6g vs DB 7.7g; Missing practical piece / cup serving sizes"
"Raisins (Kishmish)",FOUND,CRITICAL_ANOMALY,d4302f76-6e1a-4bd1-8904-381aab904b3a,"Brunch Sweet Raisins",OPEN_FOOD_FACTS,417.9,299,118.9,39.8,67,79.2,5.5,3.1,15,0.5,4.3,3.7,91.8,PASS,1,"Carbohydrate divergence: Ref 79.2g vs DB 67g; Excess fat reported: Ref 0.5g vs DB 15g; Missing practical piece / cup serving sizes"
"Dried Fig (Sukha Anjeer)",MISSING,MISSING,,,,,249,,,,63.9,,3.3,,0.9,,9.8,,,0,"Fruit not found in database"
"Dried Apricot (Jardalu)",MISSING,MISSING,,,,,241,,,,62.6,,3.4,,0.5,,7.3,,,0,"Fruit not found in database"
"Tangerine / Mandarin",FOUND,ACCEPTABLE,32de1fc3-d0bf-4839-a9dc-8360e218a9fc,"Mandarin Orange Segments",OPEN_FOOD_FACTS,59.9,53,6.9,13,15.6,13.3,0.6,0.8,0,0.3,1.2,1.8,17.4,PASS,1,""
"Persimmon",MISSING,MISSING,,,,,70,,,,18.6,,0.6,,0.2,,3.6,,,0,"Fruit not found in database"
"Coconut Water (Fresh)",FOUND,HIGH_DIVERGENCE,4b90942b-cd3c-472a-bb6a-5b00003a8b45,"Swing Coconut Water",OPEN_FOOD_FACTS,28.8,19,9.8,51.6,7.2,3.7,0,0.7,0,0.2,0,1.1,7.2,PASS,1,"Missing dietary fiber (Ref: 1.1g, DB: 0g)"
"Cranberry",FOUND,CRITICAL_ANOMALY,59d50faf-3d7a-4eda-887e-80a6da152bc8,"Oatmeal With Cranberry",OPEN_FOOD_FACTS,380,46,334,726.1,62,12,12,0.4,7.7,0.1,7.1,3.6,88.8,PASS,1,"Suspicious high calorie scaling (Possible whole-piece base scaling error); Carbohydrate divergence: Ref 12g vs DB 62g; Excess fat reported: Ref 0.1g vs DB 7.7g; Missing practical piece / cup serving sizes"
"Pomelo",MISSING,MISSING,,,,,38,,,,9.6,,0.8,,0,,1,,,0,"Fruit not found in database"