ID,Food_Item,Category,Serving_Description,Serving_Weight_g,Calories_kcal,Protein_g,Carbs_g,Fat_g,Fiber_g,Calories_per_100g,Protein_per_100g,Carbs_per_100g,Fat_per_100g,Key_Assumptions,Data_Basis
1,"Roti / Chapati (plain, no oil)",Breads,1 medium roti,30,101,3.4,20.5,0.6,3.0,336.7,11.3,68.3,2.0,"30 g whole wheat atta, no oil/ghee",Estimate: IFCT 2017 / USDA ingredient values summed per recipe; kcal = 4P+4C+9F
2,Phulka (plain),Breads,1 small phulka,25,84,2.9,17.1,0.4,2.5,336.0,11.6,68.4,1.6,"25 g atta, no oil/ghee",Estimate: IFCT 2017 / USDA ingredient values summed per recipe; kcal = 4P+4C+9F
3,Roti with ghee,Breads,1 medium roti + 1 tsp ghee,35,146,3.4,20.5,5.6,3.0,417.1,9.7,58.6,16.0,30 g atta + 5 g ghee,Estimate: IFCT 2017 / USDA ingredient values summed per recipe; kcal = 4P+4C+9F
4,Plain paratha,Breads,1 medium paratha,60,213,5.7,34.5,5.8,5.0,355.0,9.5,57.5,9.7,50 g atta + 5 g oil for roasting,Estimate: IFCT 2017 / USDA ingredient values summed per recipe; kcal = 4P+4C+9F
5,Aloo paratha,Breads,1 medium paratha,110,280,6.9,45.0,8.0,5.5,254.5,6.3,40.9,7.3,"50 g atta, ~60 g potato filling, ~7 g oil",Estimate: IFCT 2017 / USDA ingredient values summed per recipe; kcal = 4P+4C+9F
6,Puri (deep fried),Breads,1 medium puri,30,115,2.3,14.0,5.5,1.3,383.3,7.7,46.7,18.3,"Atta dough, deep fried; absorbs ~6 g oil",Estimate: IFCT 2017 / USDA ingredient values summed per recipe; kcal = 4P+4C+9F
7,"Naan (plain, restaurant style)",Breads,1 piece,90,262,8.7,45.4,5.1,2.0,291.1,9.7,50.4,5.7,"Refined flour naan, tandoor baked",Estimate: IFCT 2017 / USDA ingredient values summed per recipe; kcal = 4P+4C+9F
8,Missi roti,Breads,1 medium roti,50,140,5.0,21.0,4.0,3.0,280.0,10.0,42.0,8.0,"Atta + besan mix, ~3 g oil",Estimate: IFCT 2017 / USDA ingredient values summed per recipe; kcal = 4P+4C+9F
9,Steamed white rice (chawal),Rice & Grains,1 katori cooked,150,192,4.0,43.0,0.4,0.6,128.0,2.7,28.7,0.3,"Plain boiled white rice, no fat",Estimate: IFCT 2017 / USDA ingredient values summed per recipe; kcal = 4P+4C+9F
10,Brown rice (cooked),Rice & Grains,1 katori cooked,150,166,3.9,34.5,1.4,2.7,110.7,2.6,23.0,0.9,Plain boiled brown rice,Estimate: IFCT 2017 / USDA ingredient values summed per recipe; kcal = 4P+4C+9F
11,Jeera rice,Rice & Grains,1 katori,155,233,4.0,42.0,5.4,0.7,150.3,2.6,27.1,3.5,150 g cooked rice + 1 tsp ghee + cumin,Estimate: IFCT 2017 / USDA ingredient values summed per recipe; kcal = 4P+4C+9F
12,Vegetable pulao,Rice & Grains,1 katori,180,246,5.0,42.0,6.5,3.0,136.7,2.8,23.3,3.6,"Rice, mixed veg, ~1.5 tsp oil",Estimate: IFCT 2017 / USDA ingredient values summed per recipe; kcal = 4P+4C+9F
13,Moong dal khichdi,Rice & Grains,1 bowl,250,268,9.5,43.0,6.5,4.0,107.2,3.8,17.2,2.6,"Rice + moong dal + 1 tsp ghee, soft consistency",Estimate: IFCT 2017 / USDA ingredient values summed per recipe; kcal = 4P+4C+9F
14,Vegetable biryani,Rice & Grains,1 plate,250,373,8.0,56.0,13.0,3.0,149.2,3.2,22.4,5.2,"Basmati, veg, ~2.5 tsp oil/ghee",Estimate: IFCT 2017 / USDA ingredient values summed per recipe; kcal = 4P+4C+9F
15,Toor dal (tadka),Dals & Legumes,1 katori,150,144,6.6,17.2,5.4,4.0,96.0,4.4,11.5,3.6,30 g raw toor dal + 1 tsp oil for tadka,Estimate: IFCT 2017 / USDA ingredient values summed per recipe; kcal = 4P+4C+9F
16,"Moong dal (yellow, tadka)",Dals & Legumes,1 katori,150,148,7.2,17.7,5.4,2.0,98.7,4.8,11.8,3.6,30 g raw dhuli moong + 1 tsp oil,Estimate: IFCT 2017 / USDA ingredient values summed per recipe; kcal = 4P+4C+9F
17,Masoor dal (tadka),Dals & Legumes,1 katori,150,150,7.5,18.0,5.3,3.0,100.0,5.0,12.0,3.5,30 g raw masoor + 1 tsp oil,Estimate: IFCT 2017 / USDA ingredient values summed per recipe; kcal = 4P+4C+9F
18,Chana dal (tadka),Dals & Legumes,1 katori,150,155,6.3,17.7,6.6,4.0,103.3,4.2,11.8,4.4,30 g raw chana dal + 1 tsp oil,Estimate: IFCT 2017 / USDA ingredient values summed per recipe; kcal = 4P+4C+9F
19,Dal fry (restaurant style),Dals & Legumes,1 katori,150,190,7.0,18.0,10.0,4.0,126.7,4.7,12.0,6.7,"Mixed dals, ~2 tsp ghee/oil tadka",Estimate: IFCT 2017 / USDA ingredient values summed per recipe; kcal = 4P+4C+9F
20,Dal makhani,Dals & Legumes,1 katori,150,229,8.0,20.0,13.0,5.0,152.7,5.3,13.3,8.7,"Whole urad + rajma, butter/cream",Estimate: IFCT 2017 / USDA ingredient values summed per recipe; kcal = 4P+4C+9F
21,Rajma masala,Dals & Legumes,1 katori,150,182,8.0,24.0,6.0,7.0,121.3,5.3,16.0,4.0,"Home style, ~1 tsp oil in gravy",Estimate: IFCT 2017 / USDA ingredient values summed per recipe; kcal = 4P+4C+9F
22,Chole masala,Dals & Legumes,1 katori,150,220,9.0,28.0,8.0,8.0,146.7,6.0,18.7,5.3,"Chickpeas in onion-tomato gravy, ~1.5 tsp oil",Estimate: IFCT 2017 / USDA ingredient values summed per recipe; kcal = 4P+4C+9F
23,Sambar,Dals & Legumes,1 katori,150,82,4.0,11.0,2.5,3.0,54.7,2.7,7.3,1.7,"Toor dal + veg + tadka, light oil",Estimate: IFCT 2017 / USDA ingredient values summed per recipe; kcal = 4P+4C+9F
24,Aloo bhurji (dry aloo sabzi),Sabzis & Curries,1 katori,150,184,2.2,27.5,7.2,2.5,122.7,1.5,18.3,4.8,"130 g boiled/mashed potato + ~1.5 tsp oil, spices",Estimate: IFCT 2017 / USDA ingredient values summed per recipe; kcal = 4P+4C+9F
25,Aloo gobi,Sabzis & Curries,1 katori,150,150,3.5,17.0,7.5,3.5,100.0,2.3,11.3,5.0,"Potato + cauliflower, ~1.5 tsp oil",Estimate: IFCT 2017 / USDA ingredient values summed per recipe; kcal = 4P+4C+9F
26,Bhindi sabzi,Sabzis & Curries,1 katori,100,106,2.2,7.5,7.5,3.2,106.0,2.2,7.5,7.5,Okra stir fried in ~1.5 tsp oil,Estimate: IFCT 2017 / USDA ingredient values summed per recipe; kcal = 4P+4C+9F
27,Palak paneer,Sabzis & Curries,1 katori,150,256,11.0,8.0,20.0,3.0,170.7,7.3,5.3,13.3,"~60 g paneer, spinach puree, oil/cream",Estimate: IFCT 2017 / USDA ingredient values summed per recipe; kcal = 4P+4C+9F
28,Paneer butter masala,Sabzis & Curries,1 katori,150,348,12.0,12.0,28.0,2.0,232.0,8.0,8.0,18.7,Restaurant style with butter and cream,Estimate: IFCT 2017 / USDA ingredient values summed per recipe; kcal = 4P+4C+9F
29,Matar paneer,Sabzis & Curries,1 katori,150,254,11.0,12.0,18.0,3.5,169.3,7.3,8.0,12.0,"Paneer + peas, onion-tomato gravy",Estimate: IFCT 2017 / USDA ingredient values summed per recipe; kcal = 4P+4C+9F
30,Baingan bharta,Sabzis & Curries,1 katori,150,133,3.0,10.0,9.0,5.0,88.7,2.0,6.7,6.0,"Roasted brinjal, ~2 tsp oil",Estimate: IFCT 2017 / USDA ingredient values summed per recipe; kcal = 4P+4C+9F
31,Lauki sabzi,Sabzis & Curries,1 katori,150,74,1.5,8.0,4.0,2.0,49.3,1.0,5.3,2.7,"Bottle gourd, ~1 tsp oil",Estimate: IFCT 2017 / USDA ingredient values summed per recipe; kcal = 4P+4C+9F
32,Mixed vegetable sabzi,Sabzis & Curries,1 katori,150,123,3.0,12.0,7.0,4.0,82.0,2.0,8.0,4.7,"Seasonal veg, ~1.5 tsp oil",Estimate: IFCT 2017 / USDA ingredient values summed per recipe; kcal = 4P+4C+9F
33,Paneer bhurji,Sabzis & Curries,1 katori,150,295,15.0,7.0,23.0,1.5,196.7,10.0,4.7,15.3,"80 g crumbled paneer, onion, tomato, 1 tsp oil",Estimate: IFCT 2017 / USDA ingredient values summed per recipe; kcal = 4P+4C+9F
34,Egg bhurji (2 eggs),Sabzis & Curries,1 serving,130,212,13.0,4.0,16.0,0.8,163.1,10.0,3.1,12.3,"2 eggs, onion, tomato, 1 tsp oil",Estimate: IFCT 2017 / USDA ingredient values summed per recipe; kcal = 4P+4C+9F
35,Chicken curry (home style),Sabzis & Curries,1 bowl (~2 pieces),200,278,22.0,7.0,18.0,1.5,139.0,11.0,3.5,9.0,"Bone-in pieces with gravy, ~2 tsp oil; edible portion only",Estimate: IFCT 2017 / USDA ingredient values summed per recipe; kcal = 4P+4C+9F
36,Egg curry (2 eggs),Sabzis & Curries,1 bowl,200,268,14.0,8.0,20.0,1.5,134.0,7.0,4.0,10.0,2 boiled eggs in onion-tomato gravy,Estimate: IFCT 2017 / USDA ingredient values summed per recipe; kcal = 4P+4C+9F
37,Curd / Dahi (whole milk),Dairy & Sides,1 katori,100,62,3.5,4.7,3.3,0.0,62.0,3.5,4.7,3.3,"Plain, full-fat",Estimate: IFCT 2017 / USDA ingredient values summed per recipe; kcal = 4P+4C+9F
38,Boondi raita,Dairy & Sides,1 katori,100,85,3.0,7.0,5.0,0.3,85.0,3.0,7.0,5.0,Curd + soaked boondi,Estimate: IFCT 2017 / USDA ingredient values summed per recipe; kcal = 4P+4C+9F
39,"Paneer (raw, full fat)",Dairy & Sides,100 g,100,282,18.0,3.0,22.0,0.0,282.0,18.0,3.0,22.0,Typical full-fat paneer; varies by brand,Estimate: IFCT 2017 / USDA ingredient values summed per recipe; kcal = 4P+4C+9F
40,Cow milk (whole),Dairy & Sides,1 glass (200 ml),200,126,6.4,9.4,7.0,0.0,63.0,3.2,4.7,3.5,"Cow milk, ~3.5% fat",Estimate: IFCT 2017 / USDA ingredient values summed per recipe; kcal = 4P+4C+9F
41,Boiled egg,Dairy & Sides,1 large egg,50,70,6.3,0.4,4.8,0.0,140.0,12.6,0.8,9.6,"Hen's egg, boiled",Estimate: IFCT 2017 / USDA ingredient values summed per recipe; kcal = 4P+4C+9F
42,Idli,Breakfast & Snacks,1 piece,40,59,2.0,12.0,0.3,0.5,147.5,5.0,30.0,0.8,"Rice + urad batter, steamed",Estimate: IFCT 2017 / USDA ingredient values summed per recipe; kcal = 4P+4C+9F
43,Plain dosa,Breakfast & Snacks,1 medium dosa,80,132,3.2,22.0,3.5,1.0,165.0,4.0,27.5,4.4,"Fermented batter, ~1/2 tsp oil",Estimate: IFCT 2017 / USDA ingredient values summed per recipe; kcal = 4P+4C+9F
44,Masala dosa,Breakfast & Snacks,1 dosa with filling,180,255,5.5,38.0,9.0,3.0,141.7,3.1,21.1,5.0,"Dosa + ~100 g potato masala, ~2 tsp oil total",Estimate: IFCT 2017 / USDA ingredient values summed per recipe; kcal = 4P+4C+9F
45,Poha,Breakfast & Snacks,1 plate,150,258,5.8,35.0,10.5,2.5,172.0,3.9,23.3,7.0,"40 g dry poha, 10 g peanuts, 1 tsp oil, onion/potato",Estimate: IFCT 2017 / USDA ingredient values summed per recipe; kcal = 4P+4C+9F
46,Upma (rava),Breakfast & Snacks,1 bowl,200,210,5.0,33.0,6.5,2.5,105.0,2.5,16.5,3.2,"40 g rava, veg, 1 tsp oil",Estimate: IFCT 2017 / USDA ingredient values summed per recipe; kcal = 4P+4C+9F
47,Besan chilla,Breakfast & Snacks,1 chilla,60,141,6.8,16.0,5.5,3.0,235.0,11.3,26.7,9.2,"30 g besan, veg, 1/2 tsp oil",Estimate: IFCT 2017 / USDA ingredient values summed per recipe; kcal = 4P+4C+9F
48,Samosa,Breakfast & Snacks,1 medium samosa,80,263,4.0,28.0,15.0,2.5,328.8,5.0,35.0,18.8,"Potato filling, deep fried",Estimate: IFCT 2017 / USDA ingredient values summed per recipe; kcal = 4P+4C+9F
49,Dhokla,Breakfast & Snacks,2 pieces,60,106,4.0,17.0,2.5,1.5,176.7,6.7,28.3,4.2,"Besan-based, steamed, light tempering",Estimate: IFCT 2017 / USDA ingredient values summed per recipe; kcal = 4P+4C+9F
50,Roasted chana,Breakfast & Snacks,1 handful,30,113,6.3,18.0,1.8,5.0,376.7,21.0,60.0,6.0,Dry roasted Bengal gram,Estimate: IFCT 2017 / USDA ingredient values summed per recipe; kcal = 4P+4C+9F
51,Masala chai (with sugar),Beverages & Sweets,1 cup (150 ml),150,85,3.3,10.0,3.5,0.0,56.7,2.2,6.7,2.3,~100 ml whole milk + 1 tsp sugar,Estimate: IFCT 2017 / USDA ingredient values summed per recipe; kcal = 4P+4C+9F
52,Gulab jamun,Beverages & Sweets,1 piece,40,150,2.0,22.0,6.0,0.2,375.0,5.0,55.0,15.0,Fried khoya ball in sugar syrup,Estimate: IFCT 2017 / USDA ingredient values summed per recipe; kcal = 4P+4C+9F
53,Kheer (rice pudding),Beverages & Sweets,1 katori,100,147,3.5,22.0,5.0,0.1,147.0,3.5,22.0,5.0,"Milk, rice, sugar",Estimate: IFCT 2017 / USDA ingredient values summed per recipe; kcal = 4P+4C+9F
